[
    {
        "id": 1,
        "category": "Sparklers",
        "title": "10 CM Electric Sparklers (10 Pcs)",
        "content": "1 box",
        "actualPrice": 65.00,
        "amount": 13.00,
        "quantity": 0,
        "image": "http://srirengacrackers.com/app/Img/ProductImg/1994ab6a-15d0-4fc8-9cce-f70634b3f904.jpeg"
    },
    {
        "id": 2,
        "category": "Sparklers",
        "title": "10 CM Colour Sparklers (10 Pcs)",
        "content": "1 box",
        "actualPrice": 75.00,
        "amount": 15.00,
        "quantity": 0,
        "image": "http://srirengacrackers.com/app/Img/ProductImg/4b7cf1eb-4810-4f8d-8270-27d8d866b839.jpeg"
    },
    {
        "id": 3,
        "category": "Sparklers",
        "title": "12 CM Electric Sparklers (10 Pcs)",
        "content": "1 box",
        "actualPrice": 100.00,
        "amount": 20.00,
        "quantity": 0,
        "image": "http://srirengacrackers.com/app/Img/ProductImg/75fdb572-883a-4525-b9cf-8585923aa917.jpeg"
    },
    {
        "id": 4,
        "category": "Sparklers",
        "title": "12 CM Colour Sparklers (10 Pcs)",
        "content": "1 box",
        "actualPrice": 115.00,
        "amount": 23.00,
        "quantity": 0,
        "image": "http://srirengacrackers.com/app/Img/ProductImg/2083abb2-f734-4b01-be32-e857ee12d634.jpeg"
    },
    {
        "id": 5,
        "category": "Sparklers",
        "title": "15 CM Electric Sparklers (10 Pcs)",
        "content": "1 box",
        "actualPrice": 195.00,
        "amount": 39.00,
        "quantity": 0,
        "image": "http://srirengacrackers.com/app/Img/ProductImg/e71e5139-533e-4b9e-a574-3dae03aa5af6.jpeg"
    },
    {
        "id": 6,
        "category": "Sparklers",
        "title": "15 CM Colour Sparklers (10 Pcs)",
        "content": "1 box",
        "actualPrice": 215.00,
        "amount": 43.00,
        "quantity": 0,
        "image": "http://srirengacrackers.com/app/Img/ProductImg/84f5fd39-28b4-4c70-94bf-27aca5de6782.jpeg"
    },
    {
        "id": 7,
        "category": "Sparklers",
        "title": "15 CM Green Sparklers (10 Pcs)",
        "content": "1 box",
        "actualPrice": 235.00,
        "amount": 47.00,
        "quantity": 0,
        "image": "http://srirengacrackers.com/app/Img/ProductImg/d70c8111-eb4f-414b-b14e-3d9d7a9d8ebc.jpeg"
    },
    {
        "id": 8,
        "category": "Sparklers",
        "title": "15 CM Red Sparklers (10 Pcs)",
        "content": "1 box",
        "actualPrice": 235.00,
        "amount": 47.00,
        "quantity": 0,
        "image": "http://srirengacrackers.com/app/Img/ProductImg/88631bff-6469-4131-9b21-1d8a3f00fd16.jpeg"
    },
    {
        "id": 9,
        "category": "Sparklers",
        "title": "30 CM Electric Sparklers (5 Pcs)",
        "content": "1 box",
        "actualPrice": 195.00,
        "amount": 39.00,
        "quantity": 0,
        "image": "http://srirengacrackers.com/app/Img/ProductImg/c782df30-92c3-4dff-83b9-05b80f17de07.jpeg"
    },
    {
        "id": 10,
        "category": "Sparklers",
        "title": "30 CM Colour Sparklers (5 Pcs)",
        "content": "1 box",
        "actualPrice": 215.00,
        "amount": 43.00,
        "quantity": 0,
        "image": "http://srirengacrackers.com/app/Img/ProductImg/9bf9b4f2-47d2-45d0-9f65-541fe87ca3c6.jpeg"
    },
    {
        "id": 11,
        "category": "Sparklers",
        "title": "30 CM Green Sparklers (5 Pcs)",
        "content": "1 box",
        "actualPrice": 235.00,
        "amount": 47.00,
        "quantity": 0,
        "image": "http://srirengacrackers.com/app/Img/ProductImg/9e5f8587-0f6a-41d8-9652-7eed11aa23bb.jpeg"
    },
    {
        "id": 12,
        "category": "Sparklers",
        "title": "30 CM Red Sparklers (5 Pcs)",
        "content": "1 box",
        "actualPrice": 235.00,
        "amount": 47.00,
        "quantity": 0,
        "image": "http://srirengacrackers.com/app/Img/ProductImg/dddda6b7-2b72-4807-9e6a-e4b6bce290a0.jpeg"
    }
]
